beat,district,area_sq_mi,placename,population,type,total19,total20,total21,total22,total23,last12mos,total_prior4years,avg_prior4years,inc_19to22,inc_19tolast12,inc_22tolast12,inc_prior4yearavgtolast12,rate19,rate20,rate21,rate22,rate_last12,rate_prior4years
23J40,23,3.03933481,Ellington Field,0,Other,3,1,0,4,1,4,8,2,33.3,33.3,0,100,NA,NA,NA,NA,NA,NA
23J40,23,3.03933481,Ellington Field,0,Property,4,2,2,2,1,3,10,2.5,-50,-25,50,20,NA,NA,NA,NA,NA,NA
23J40,23,3.03933481,Ellington Field,0,Violent,0,0,0,3,0,1,3,0.8,NA,NA,-66.7,25,NA,NA,NA,NA,NA,NA
23J50,23,2.12389492,Hobby Airport,0,Other,135,209,266,329,74,287,939,234.8,143.7,112.6,-12.8,22.2,NA,NA,NA,NA,NA,NA
23J50,23,2.12389492,Hobby Airport,0,Property,135,71,117,152,36,134,475,118.8,12.6,-0.7,-11.8,12.8,NA,NA,NA,NA,NA,NA
23J50,23,2.12389492,Hobby Airport,0,Violent,20,18,23,38,8,34,99,24.8,90,70,-10.5,37.1,NA,NA,NA,NA,NA,NA
1A10,1,1.74646692,Downtown Central Business District,17000,Other,1018,1681,2002,1931,886,2174,6632,1658,89.7,113.6,12.6,31.1,5988.2,9888.2,11776.5,11358.8,12788.2,9752.9
1A10,1,1.74646692,Downtown Central Business District,17000,Property,1740,1112,1255,1700,635,1851,5807,1451.8,-2.3,6.4,8.9,27.5,10235.3,6541.2,7382.4,10000,10888.2,8540
1A10,1,1.74646692,Downtown Central Business District,17000,Violent,851,596,697,768,304,859,2912,728,-9.8,0.9,11.8,18,5005.9,3505.9,4100,4517.6,5052.9,4282.4
1A20,1,2.44133075,"Fourth Ward, Avondale and Westmoreland",27000,Other,817,1350,1515,1459,582,1531,5141,1285.2,78.6,87.4,4.9,19.1,3025.9,5000,5611.1,5403.7,5670.4,4760
1A20,1,2.44133075,"Fourth Ward, Avondale and Westmoreland",27000,Property,2893,2564,2712,2603,1050,2811,10772,2693,-10,-2.8,8,4.4,10714.8,9496.3,10044.4,9640.7,10411.1,9974.1
1A20,1,2.44133075,"Fourth Ward, Avondale and Westmoreland",27000,Violent,647,573,704,655,206,602,2579,644.8,1.2,-7,-8.1,-6.6,2396.3,2122.2,2607.4,2425.9,2229.6,2388.1
1A30,1,2.65916892,"Cherryhurst, Mandell Place and Montrose",27000,Other,622,1075,971,1084,444,1139,3752,938,74.3,83.1,5.1,21.4,2303.7,3981.5,3596.3,4014.8,4218.5,3474.1
1A30,1,2.65916892,"Cherryhurst, Mandell Place and Montrose",27000,Property,2224,1600,1429,1643,746,1798,6896,1724,-26.1,-19.2,9.4,4.3,8237,5925.9,5292.6,6085.2,6659.3,6385.2
1A30,1,2.65916892,"Cherryhurst, Mandell Place and Montrose",27000,Violent,388,361,302,331,169,391,1382,345.5,-14.7,0.8,18.1,13.2,1437,1337,1118.5,1225.9,1448.1,1279.6
1A40,1,2.45016686,"Tall Timbers, Royden Oaks, River Oaks, Avalon Place and Oak Estates",7000,Other,84,145,159,107,44,120,495,123.8,27.4,42.9,12.1,-3.1,1200,2071.4,2271.4,1528.6,1714.3,1768.6
1A40,1,2.45016686,"Tall Timbers, Royden Oaks, River Oaks, Avalon Place and Oak Estates",7000,Property,193,186,175,174,50,163,728,182,-9.8,-15.5,-6.3,-10.4,2757.1,2657.1,2500,2485.7,2328.6,2600
1A40,1,2.45016686,"Tall Timbers, Royden Oaks, River Oaks, Avalon Place and Oak Estates",7000,Violent,30,23,34,30,9,28,117,29.2,0,-6.7,-6.7,-4.1,428.6,328.6,485.7,428.6,400,417.1
1A50,1,3.04553452,"Post Oak Park, Afton Oaks, Highland Village, Weslayan, Greenway Plaza and The Compaq Center",26000,Other,622,919,965,974,398,1034,3480,870,56.6,66.2,6.2,18.9,2392.3,3534.6,3711.5,3746.2,3976.9,3346.2
1A50,1,3.04553452,"Post Oak Park, Afton Oaks, Highland Village, Weslayan, Greenway Plaza and The Compaq Center",26000,Property,1898,1835,1747,2092,824,2142,7572,1893,10.2,12.9,2.4,13.2,7300,7057.7,6719.2,8046.2,8238.5,7280.8
1A50,1,3.04553452,"Post Oak Park, Afton Oaks, Highland Village, Weslayan, Greenway Plaza and The Compaq Center",26000,Violent,284,335,363,348,121,363,1330,332.5,22.5,27.8,4.3,9.2,1092.3,1288.5,1396.2,1338.5,1396.2,1278.8
2A10,2,3.30928608,Irvington and Ryon,18000,Other,746,1124,1081,1155,409,1181,4106,1026.5,54.8,58.3,2.3,15.1,4144.4,6244.4,6005.6,6416.7,6561.1,5702.8
2A10,2,3.30928608,Irvington and Ryon,18000,Property,709,748,710,862,346,908,3029,757.2,21.6,28.1,5.3,19.9,3938.9,4155.6,3944.4,4788.9,5044.4,4206.7
2A10,2,3.30928608,Irvington and Ryon,18000,Violent,743,702,579,535,203,546,2559,639.8,-28,-26.5,2.1,-14.7,4127.8,3900,3216.7,2972.2,3033.3,3554.4
2A20,2,1.8876461,"Sunset Heights, Brooksmith and Stude",11000,Other,385,491,537,480,165,460,1893,473.2,24.7,19.5,-4.2,-2.8,3500,4463.6,4881.8,4363.6,4181.8,4301.8
2A20,2,1.8876461,"Sunset Heights, Brooksmith and Stude",11000,Property,432,429,453,453,186,477,1767,441.8,4.9,10.4,5.3,8,3927.3,3900,4118.2,4118.2,4336.4,4016.4
2A20,2,1.8876461,"Sunset Heights, Brooksmith and Stude",11000,Violent,286,309,233,211,75,217,1039,259.8,-26.2,-24.1,2.8,-16.5,2600,2809.1,2118.2,1918.2,1972.7,2361.8
2A30,2,4.65858171,"Houston Heights, Norhill and Studemont",31000,Other,507,761,764,747,300,778,2779,694.8,47.3,53.5,4.1,12,1635.5,2454.8,2464.5,2409.7,2509.7,2241.3
2A30,2,4.65858171,"Houston Heights, Norhill and Studemont",31000,Property,1611,1164,1278,1469,651,1642,5522,1380.5,-8.8,1.9,11.8,18.9,5196.8,3754.8,4122.6,4738.7,5296.8,4453.2
2A30,2,4.65858171,"Houston Heights, Norhill and Studemont",31000,Violent,281,243,232,224,88,230,980,245,-20.3,-18.1,2.7,-6.1,906.5,783.9,748.4,722.6,741.9,790.3
2A40,2,1.60546103,Old Sixth Ward and the First Ward,8000,Other,244,414,447,482,146,446,1587,396.8,97.5,82.8,-7.5,12.4,3050,5175,5587.5,6025,5575,4960
2A40,2,1.60546103,Old Sixth Ward and the First Ward,8000,Property,676,659,660,657,317,747,2652,663,-2.8,10.5,13.7,12.7,8450,8237.5,8250,8212.5,9337.5,8287.5
2A40,2,1.60546103,Old Sixth Ward and the First Ward,8000,Violent,121,126,128,118,49,122,493,123.2,-2.5,0.8,3.4,-1,1512.5,1575,1600,1475,1525,1540
2A50,2,5.4659844,"Memorial Park, West End, Ashbury and Cottage Grove",29000,Other,581,877,1123,1196,410,1203,3777,944.2,105.9,107.1,0.6,27.4,2003.4,3024.1,3872.4,4124.1,4148.3,3255.9
2A50,2,5.4659844,"Memorial Park, West End, Ashbury and Cottage Grove",29000,Property,2052,1682,1690,1842,706,1881,7266,1816.5,-10.2,-8.3,2.1,3.6,7075.9,5800,5827.6,6351.7,6486.2,6263.8
2A50,2,5.4659844,"Memorial Park, West End, Ashbury and Cottage Grove",29000,Violent,354,307,413,368,137,392,1442,360.5,4,10.7,6.5,8.7,1220.7,1058.6,1424.1,1269,1351.7,1243.1
2A60,2,4.67447346,"Westport, Holly Park, Lazy Brook, Citadel, Shady Acres and Timbergrove",21000,Other,371,495,645,666,248,680,2177,544.2,79.5,83.3,2.1,25,1766.7,2357.1,3071.4,3171.4,3238.1,2591.4
2A60,2,4.67447346,"Westport, Holly Park, Lazy Brook, Citadel, Shady Acres and Timbergrove",21000,Property,1062,1117,1152,1260,625,1426,4591,1147.8,18.6,34.3,13.2,24.2,5057.1,5319,5485.7,6000,6790.5,5465.7
2A60,2,4.67447346,"Westport, Holly Park, Lazy Brook, Citadel, Shady Acres and Timbergrove",21000,Violent,212,206,241,241,90,254,900,225,13.7,19.8,5.4,12.9,1009.5,981,1147.6,1147.6,1209.5,1071.4
3B10,3,6.82068773,"Northwest Mall, Brookhollow, White Oak Acres, Oak Forest and Langwood",34000,Other,1122,1768,1889,1916,853,2150,6695,1673.8,70.8,91.6,12.2,28.5,3300,5200,5555.9,5635.3,6323.5,4922.9
3B10,3,6.82068773,"Northwest Mall, Brookhollow, White Oak Acres, Oak Forest and Langwood",34000,Property,1970,1939,2024,2530,1095,2781,8463,2115.8,28.4,41.2,9.9,31.4,5794.1,5702.9,5952.9,7441.2,8179.4,6222.9
3B10,3,6.82068773,"Northwest Mall, Brookhollow, White Oak Acres, Oak Forest and Langwood",34000,Violent,957,1055,1016,977,320,967,4005,1001.2,2.1,1,-1,-3.4,2814.7,3102.9,2988.2,2873.5,2844.1,2944.7
3B30,3,5.310372,"White Oak Acres, Brook Hollow, Oak Forest, Garden Oaks and Shepherd Park Plaza",23000,Other,344,497,553,570,236,611,1964,491,65.7,77.6,7.2,24.4,1495.7,2160.9,2404.3,2478.3,2656.5,2134.8
3B30,3,5.310372,"White Oak Acres, Brook Hollow, Oak Forest, Garden Oaks and Shepherd Park Plaza",23000,Property,845,719,684,736,294,803,2984,746,-12.9,-5,9.1,7.6,3673.9,3126.1,2973.9,3200,3491.3,3243.5
3B30,3,5.310372,"White Oak Acres, Brook Hollow, Oak Forest, Garden Oaks and Shepherd Park Plaza",23000,Violent,221,230,227,223,78,226,901,225.2,0.9,2.3,1.3,0.4,960.9,1000,987,969.6,982.6,979.1
3B40,3,3.40013561,"Independence Heights, Melrose and Graceland",13000,Other,678,1058,1134,1029,413,1127,3899,974.8,51.8,66.2,9.5,15.6,5215.4,8138.5,8723.1,7915.4,8669.2,7498.5
3B40,3,3.40013561,"Independence Heights, Melrose and Graceland",13000,Property,800,812,814,821,285,845,3247,811.8,2.6,5.6,2.9,4.1,6153.8,6246.2,6261.5,6315.4,6500,6244.6
3B40,3,3.40013561,"Independence Heights, Melrose and Graceland",13000,Violent,651,659,619,533,226,597,2462,615.5,-18.1,-8.3,12,-3,5007.7,5069.2,4761.5,4100,4592.3,4734.6
3B50,3,3.85259517,"Northline Mall, Stratton Place, Oakwood, Colonial Gardens, Lindale and Junction City",20000,Other,728,1319,1268,1319,630,1480,4634,1158.5,81.2,103.3,12.2,27.8,3640,6595,6340,6595,7400,5792.5
3B50,3,3.85259517,"Northline Mall, Stratton Place, Oakwood, Colonial Gardens, Lindale and Junction City",20000,Property,1689,1633,1252,1370,673,1614,5944,1486,-18.9,-4.4,17.8,8.6,8445,8165,6260,6850,8070,7430
3B50,3,3.85259517,"Northline Mall, Stratton Place, Oakwood, Colonial Gardens, Lindale and Junction City",20000,Violent,790,782,732,703,255,735,3007,751.8,-11,-7,4.6,-2.2,3950,3910,3660,3515,3675,3759
5F10,5,3.25978513,Afton Village and Pine Terrace,14000,Other,362,541,519,565,215,580,1987,496.8,56.1,60.2,2.7,16.7,2585.7,3864.3,3707.1,4035.7,4142.9,3548.6
5F10,5,3.25978513,Afton Village and Pine Terrace,14000,Property,765,854,768,774,269,721,3161,790.2,1.2,-5.8,-6.8,-8.8,5464.3,6100,5485.7,5528.6,5150,5644.3
5F10,5,3.25978513,Afton Village and Pine Terrace,14000,Violent,292,248,287,299,117,316,1126,281.5,2.4,8.2,5.7,12.3,2085.7,1771.4,2050,2135.7,2257.1,2010.7
5F30,5,8.70689439,"Fairbanks, Carverdale, Fawndale and Northwest Crossing",17000,Other,962,1297,1291,1285,569,1420,4835,1208.8,33.6,47.6,10.5,17.5,5658.8,7629.4,7594.1,7558.8,8352.9,7110.6
5F30,5,8.70689439,"Fairbanks, Carverdale, Fawndale and Northwest Crossing",17000,Property,2236,2013,2019,2107,854,2276,8375,2093.8,-5.8,1.8,8,8.7,13152.9,11841.2,11876.5,12394.1,13388.2,12316.5
5F30,5,8.70689439,"Fairbanks, Carverdale, Fawndale and Northwest Crossing",17000,Violent,686,719,737,705,225,681,2847,711.8,2.8,-0.7,-3.4,-4.3,4035.3,4229.4,4335.3,4147.1,4005.9,4187.1
6B10,6,5.50084827,"York Plaza, Pembrook Place and Hawthorne Place",33000,Other,814,1381,1486,1467,526,1460,5148,1287,80.2,79.4,-0.5,13.4,2466.7,4184.8,4503,4445.5,4424.2,3900
6B10,6,5.50084827,"York Plaza, Pembrook Place and Hawthorne Place",33000,Property,1213,1311,1121,1184,484,1279,4829,1207.2,-2.4,5.4,8,5.9,3675.8,3972.7,3397,3587.9,3875.8,3658.2
6B10,6,5.50084827,"York Plaza, Pembrook Place and Hawthorne Place",33000,Violent,919,1001,1002,857,318,897,3779,944.8,-6.7,-2.4,4.7,-5.1,2784.8,3033.3,3036.4,2597,2718.2,2863
6B20,6,6.12869477,"Highland Heights, Oakdale and Melrose Gardens",18000,Other,719,1108,1160,1021,435,1091,4008,1002,42,51.7,6.9,8.9,3994.4,6155.6,6444.4,5672.2,6061.1,5566.7
6B20,6,6.12869477,"Highland Heights, Oakdale and Melrose Gardens",18000,Property,785,759,664,784,304,819,2992,748,-0.1,4.3,4.5,9.5,4361.1,4216.7,3688.9,4355.6,4550,4155.6
6B20,6,6.12869477,"Highland Heights, Oakdale and Melrose Gardens",18000,Violent,783,822,669,586,227,595,2860,715,-25.2,-24,1.5,-16.8,4350,4566.7,3716.7,3255.6,3305.6,3972.2
6B30,6,7.2300685,"Woodland Trails, Oaks of Inwood, Bayou Bend, Cole Creek Manor and Inwood Forest",38000,Other,889,1306,1307,1201,502,1223,4703,1175.8,35.1,37.6,1.8,4,2339.5,3436.8,3439.5,3160.5,3218.4,3094.2
6B30,6,7.2300685,"Woodland Trails, Oaks of Inwood, Bayou Bend, Cole Creek Manor and Inwood Forest",38000,Property,1078,1066,923,992,398,1038,4059,1014.8,-8,-3.7,4.6,2.3,2836.8,2805.3,2428.9,2610.5,2731.6,2670.5
6B30,6,7.2300685,"Woodland Trails, Oaks of Inwood, Bayou Bend, Cole Creek Manor and Inwood Forest",38000,Violent,1026,1071,887,831,305,855,3815,953.8,-19,-16.7,2.9,-10.4,2700,2818.4,2334.2,2186.8,2250,2510
6B40,6,5.544689,"Highland Gardens, Highland Heights and North Plaza",20000,Other,868,1380,1377,1251,462,1238,4876,1219,44.1,42.6,-1,1.6,4340,6900,6885,6255,6190,6095
6B40,6,5.544689,"Highland Gardens, Highland Heights and North Plaza",20000,Property,915,879,832,809,313,807,3435,858.8,-11.6,-11.8,-0.2,-6,4575,4395,4160,4045,4035,4294
6B40,6,5.544689,"Highland Gardens, Highland Heights and North Plaza",20000,Violent,914,1025,852,710,271,734,3501,875.2,-22.3,-19.7,3.4,-16.1,4570,5125,4260,3550,3670,4376
22B30,22,2.8264671,Aldine and Imperial Valley,19000,Other,640,829,888,868,336,901,3225,806.2,35.6,40.8,3.8,11.8,3368.4,4363.2,4673.7,4568.4,4742.1,4243.2
22B30,22,2.8264671,Aldine and Imperial Valley,19000,Property,902,1042,987,1015,358,1039,3946,986.5,12.5,15.2,2.4,5.3,4747.4,5484.2,5194.7,5342.1,5468.4,5192.1
22B30,22,2.8264671,Aldine and Imperial Valley,19000,Violent,713,640,647,611,193,593,2611,652.8,-14.3,-16.8,-2.9,-9.2,3752.6,3368.4,3405.3,3215.8,3121.1,3435.8
22B20,22,4.61158268,Greenspoint,24000,Other,1487,2064,2081,2023,620,1927,7655,1913.8,36,29.6,-4.7,0.7,6195.8,8600,8670.8,8429.2,8029.2,7974.2
22B20,22,4.61158268,Greenspoint,24000,Property,1650,1754,1966,1925,541,1749,7295,1823.8,16.7,6,-9.1,-4.1,6875,7308.3,8191.7,8020.8,7287.5,7599.2
22B20,22,4.61158268,Greenspoint,24000,Violent,1488,1580,1388,1265,348,1194,5721,1430.2,-15,-19.8,-5.6,-16.5,6200,6583.3,5783.3,5270.8,4975,5959.2
7C10,7,3.47828324,"Fifth Ward, North Park and Pinecrest",13000,Other,669,939,1015,1008,400,1042,3631,907.8,50.7,55.8,3.4,14.8,5146.2,7223.1,7807.7,7753.8,8015.4,6983.1
7C10,7,3.47828324,"Fifth Ward, North Park and Pinecrest",13000,Property,646,615,573,675,221,656,2509,627.2,4.5,1.5,-2.8,4.6,4969.2,4730.8,4407.7,5192.3,5046.2,4824.6
7C10,7,3.47828324,"Fifth Ward, North Park and Pinecrest",13000,Violent,647,674,563,622,224,640,2506,626.5,-3.9,-1.1,2.9,2.2,4976.9,5184.6,4330.8,4784.6,4923.1,4819.2
7C20,7,7.08575157,"Huntington Place, Willshire Place, Kashmere Gardens and Liberty Gardens",21000,Other,1289,1929,1915,1701,614,1690,6834,1708.5,32,31.1,-0.6,-1.1,6138.1,9185.7,9119,8100,8047.6,8135.7
7C20,7,7.08575157,"Huntington Place, Willshire Place, Kashmere Gardens and Liberty Gardens",21000,Property,1043,1026,1052,1045,343,1054,4166,1041.5,0.2,1.1,0.9,1.2,4966.7,4885.7,5009.5,4976.2,5019,4959.5
7C20,7,7.08575157,"Huntington Place, Willshire Place, Kashmere Gardens and Liberty Gardens",21000,Violent,1437,1363,1250,1172,408,1177,5222,1305.5,-18.4,-18.1,0.4,-9.8,6842.9,6490.5,5952.4,5581,5604.8,6216.7
7C30,7,4.51719841,"Camden Woods, Archers Acres and Croyden Gardens",18000,Other,710,1218,1302,1199,460,1271,4429,1107.2,68.9,79,6,14.8,3944.4,6766.7,7233.3,6661.1,7061.1,6151.1
7C30,7,4.51719841,"Camden Woods, Archers Acres and Croyden Gardens",18000,Property,708,765,741,731,280,748,2945,736.2,3.2,5.6,2.3,1.6,3933.3,4250,4116.7,4061.1,4155.6,4090
7C30,7,4.51719841,"Camden Woods, Archers Acres and Croyden Gardens",18000,Violent,697,770,800,627,223,656,2894,723.5,-10,-5.9,4.6,-9.3,3872.2,4277.8,4444.4,3483.3,3644.4,4019.4
7C40,7,3.36786526,Keith-Weiss Park and Farrington Place,8000,Other,246,323,376,384,134,370,1329,332.2,56.1,50.4,-3.6,11.4,3075,4037.5,4700,4800,4625,4152.5
7C40,7,3.36786526,Keith-Weiss Park and Farrington Place,8000,Property,381,345,355,408,191,452,1489,372.2,7.1,18.6,10.8,21.4,4762.5,4312.5,4437.5,5100,5650,4652.5
7C40,7,3.36786526,Keith-Weiss Park and Farrington Place,8000,Violent,246,225,219,206,58,200,896,224,-16.3,-18.7,-2.9,-10.7,3075,2812.5,2737.5,2575,2500,2800
22B40,22,13.03325001,"Intercontinental Airport, Northwood, Lakeview Park and Glen Lee",11000,Other,538,758,1019,1040,338,1021,3355,838.8,93.3,89.8,-1.8,21.7,4890.9,6890.9,9263.6,9454.5,9281.8,7625.5
22B40,22,13.03325001,"Intercontinental Airport, Northwood, Lakeview Park and Glen Lee",11000,Property,1063,1098,1464,1826,591,1812,5451,1362.8,71.8,70.5,-0.8,33,9663.6,9981.8,13309.1,16600,16472.7,12389.1
22B40,22,13.03325001,"Intercontinental Airport, Northwood, Lakeview Park and Glen Lee",11000,Violent,373,385,490,500,135,479,1748,437,34,28.4,-4.2,9.6,3390.9,3500,4454.5,4545.5,4354.5,3972.7
8C10,8,3.69037316,"Tidwell Park, Shady Oak and Buckingham Place",12000,Other,846,1077,1315,1289,541,1369,4527,1131.8,52.4,61.8,6.2,21,7050,8975,10958.3,10741.7,11408.3,9431.7
8C10,8,3.69037316,"Tidwell Park, Shady Oak and Buckingham Place",12000,Property,778,668,597,540,219,549,2583,645.8,-30.6,-29.4,1.7,-15,6483.3,5566.7,4975,4500,4575,5381.7
8C10,8,3.69037316,"Tidwell Park, Shady Oak and Buckingham Place",12000,Violent,761,817,711,690,209,640,2979,744.8,-9.3,-15.9,-7.2,-14.1,6341.7,6808.3,5925,5750,5333.3,6206.7
8C20,8,3.36154214,"Houston Gardens, Rosewood and Homestead",7000,Other,314,476,604,458,168,450,1852,463,45.9,43.3,-1.7,-2.8,4485.7,6800,8628.6,6542.9,6428.6,6614.3
8C20,8,3.36154214,"Houston Gardens, Rosewood and Homestead",7000,Property,265,291,279,315,86,309,1150,287.5,18.9,16.6,-1.9,7.5,3785.7,4157.1,3985.7,4500,4414.3,4107.1
8C20,8,3.36154214,"Houston Gardens, Rosewood and Homestead",7000,Violent,281,312,297,252,104,273,1142,285.5,-10.3,-2.8,8.3,-4.4,4014.3,4457.1,4242.9,3600,3900,4078.6
8C30,8,4.6258259,"Parkhurst, East Houston and Clairmont Place",11000,Other,430,678,821,690,300,748,2619,654.8,60.5,74,8.4,14.2,3909.1,6163.6,7463.6,6272.7,6800,5952.7
8C30,8,4.6258259,"Parkhurst, East Houston and Clairmont Place",11000,Property,437,454,438,501,193,521,1830,457.5,14.6,19.2,4,13.9,3972.7,4127.3,3981.8,4554.5,4736.4,4159.1
8C30,8,4.6258259,"Parkhurst, East Houston and Clairmont Place",11000,Violent,378,499,419,379,151,411,1675,418.8,0.3,8.7,8.4,-1.9,3436.4,4536.4,3809.1,3445.5,3736.4,3807.3
8C40,8,4.97945551,"Lake Houston, Greenriver, Knoll and Lake Forest",8000,Other,213,261,320,190,92,213,984,246,-10.8,0,12.1,-13.4,2662.5,3262.5,4000,2375,2662.5,3075
8C40,8,4.97945551,"Lake Houston, Greenriver, Knoll and Lake Forest",8000,Property,207,168,193,216,81,223,784,196,4.3,7.7,3.2,13.8,2587.5,2100,2412.5,2700,2787.5,2450
8C40,8,4.97945551,"Lake Houston, Greenriver, Knoll and Lake Forest",8000,Violent,176,202,175,136,61,158,689,172.2,-22.7,-10.2,16.2,-8.2,2200,2525,2187.5,1700,1975,2152.5
8C50,8,3.31739498,"Park North, Forest Green, Kentshire Place, Glenwood Forest and Dorchester",8000,Other,431,647,653,487,217,532,2218,554.5,13,23.4,9.2,-4.1,5387.5,8087.5,8162.5,6087.5,6650,6931.2
8C50,8,3.31739498,"Park North, Forest Green, Kentshire Place, Glenwood Forest and Dorchester",8000,Property,389,330,340,303,141,346,1362,340.5,-22.1,-11.1,14.2,1.6,4862.5,4125,4250,3787.5,4325,4256.2
8C50,8,3.31739498,"Park North, Forest Green, Kentshire Place, Glenwood Forest and Dorchester",8000,Violent,443,475,430,339,145,370,1687,421.8,-23.5,-16.5,9.1,-12.3,5537.5,5937.5,5375,4237.5,4625,5272.5
8C60,8,5.79693312,"Edgeworth, Northwood Manor and Scenic Woods",19000,Other,689,1042,1095,846,427,982,3672,918,22.8,42.5,16.1,7,3626.3,5484.2,5763.2,4452.6,5168.4,4831.6
8C60,8,5.79693312,"Edgeworth, Northwood Manor and Scenic Woods",19000,Property,563,617,501,504,211,560,2185,546.2,-10.5,-0.5,11.1,2.5,2963.2,3247.4,2636.8,2652.6,2947.4,2874.7
8C60,8,5.79693312,"Edgeworth, Northwood Manor and Scenic Woods",19000,Violent,639,713,545,518,206,554,2415,603.8,-18.9,-13.3,6.9,-8.2,3363.2,3752.6,2868.4,2726.3,2915.8,3177.9
9C10,9,5.21185619,"Port of Houston, Clinton Park, Pleasantville and Fidelity Manor",6000,Other,180,346,342,273,115,306,1141,285.2,51.7,70,12.1,7.3,3000,5766.7,5700,4550,5100,4753.3
9C10,9,5.21185619,"Port of Houston, Clinton Park, Pleasantville and Fidelity Manor",6000,Property,167,156,165,206,67,206,694,173.5,23.4,23.4,0,18.7,2783.3,2600,2750,3433.3,3433.3,2891.7
9C10,9,5.21185619,"Port of Houston, Clinton Park, Pleasantville and Fidelity Manor",6000,Violent,180,216,171,129,46,140,696,174,-28.3,-22.2,8.5,-19.5,3000,3600,2850,2150,2333.3,2900
9C20,9,7.5383173,Denver Harbor and Houston Harbor,16000,Other,407,685,784,674,273,730,2550,637.5,65.6,79.4,8.3,14.5,2543.8,4281.2,4900,4212.5,4562.5,3984.4
9C20,9,7.5383173,Denver Harbor and Houston Harbor,16000,Property,526,559,431,593,170,588,2109,527.2,12.7,11.8,-0.8,11.5,3287.5,3493.8,2693.8,3706.2,3675,3295
9C20,9,7.5383173,Denver Harbor and Houston Harbor,16000,Violent,402,447,348,362,102,334,1559,389.8,-10,-16.9,-7.7,-14.3,2512.5,2793.8,2175,2262.5,2087.5,2436.2
9C30,9,8.13353768,"City Park East, Wynnewood Acres and Wallisville Gardens",9000,Other,316,521,572,622,217,621,2031,507.8,96.8,96.5,-0.2,22.3,3511.1,5788.9,6355.6,6911.1,6900,5642.2
9C30,9,8.13353768,"City Park East, Wynnewood Acres and Wallisville Gardens",9000,Property,682,659,550,621,239,636,2512,628,-8.9,-6.7,2.4,1.3,7577.8,7322.2,6111.1,6900,7066.7,6977.8
9C30,9,8.13353768,"City Park East, Wynnewood Acres and Wallisville Gardens",9000,Violent,222,293,278,237,81,231,1030,257.5,6.8,4.1,-2.5,-10.3,2466.7,3255.6,3088.9,2633.3,2566.7,2861.1
9C40,9,10.42549456,"Greens Bayou Estates, Shady Brook, Northshore",23000,Other,794,1164,1172,1165,427,1214,4295,1073.8,46.7,52.9,4.2,13.1,3452.2,5060.9,5095.7,5065.2,5278.3,4668.7
9C40,9,10.42549456,"Greens Bayou Estates, Shady Brook, Northshore",23000,Property,1172,1332,1189,1465,437,1468,5158,1289.5,25,25.3,0.2,13.8,5095.7,5791.3,5169.6,6369.6,6382.6,5606.5
9C40,9,10.42549456,"Greens Bayou Estates, Shady Brook, Northshore",23000,Violent,766,764,696,637,183,628,2863,715.8,-16.8,-18,-1.4,-12.3,3330.4,3321.7,3026.1,2769.6,2730.4,3112.2
10H10,10,2.81830654,Oak Lawn and Ranger,11000,Other,251,347,431,476,159,483,1505,376.2,89.6,92.4,1.5,28.4,2281.8,3154.5,3918.2,4327.3,4390.9,3420
10H10,10,2.81830654,Oak Lawn and Ranger,11000,Property,320,387,357,463,116,414,1527,381.8,44.7,29.4,-10.6,8.4,2909.1,3518.2,3245.5,4209.1,3763.6,3470.9
10H10,10,2.81830654,Oak Lawn and Ranger,11000,Violent,315,271,259,241,59,228,1086,271.5,-23.5,-27.6,-5.4,-16,2863.6,2463.6,2354.5,2190.9,2072.7,2468.2
10H20,10,1.75743169,Eastwood and Broadmoor,10000,Other,195,325,316,378,96,346,1214,303.5,93.8,77.4,-8.5,14,1950,3250,3160,3780,3460,3035
10H20,10,1.75743169,Eastwood and Broadmoor,10000,Property,395,400,311,323,106,309,1429,357.2,-18.2,-21.8,-4.3,-13.5,3950,4000,3110,3230,3090,3572
10H20,10,1.75743169,Eastwood and Broadmoor,10000,Violent,190,200,197,223,62,197,810,202.5,17.4,3.7,-11.7,-2.7,1900,2000,1970,2230,1970,2025
10H30,10,1.02691154,Near East End,4000,Other,180,304,325,456,152,465,1265,316.2,153.3,158.3,2,47.1,4500,7600,8125,11400,11625,7905
10H30,10,1.02691154,Near East End,4000,Property,780,529,631,868,306,931,2808,702,11.3,19.4,7.3,32.6,19500,13225,15775,21700,23275,17550
10H30,10,1.02691154,Near East End,4000,Violent,171,158,173,169,55,172,671,167.8,-1.2,0.6,1.8,2.5,4275,3950,4325,4225,4300,4195
10H40,10,0.99627062,Midtown,8000,Other,736,1159,1175,1175,367,1123,4245,1061.2,59.6,52.6,-4.4,5.8,9200,14487.5,14687.5,14687.5,14037.5,13265
10H40,10,0.99627062,Midtown,8000,Property,1518,1050,981,1320,377,1261,4869,1217.2,-13,-16.9,-4.5,3.6,18975,13125,12262.5,16500,15762.5,15215
10H40,10,0.99627062,Midtown,8000,Violent,751,638,567,527,171,500,2483,620.8,-29.8,-33.4,-5.1,-19.5,9387.5,7975,7087.5,6587.5,6250,7760
10H50,10,2.30843079,the University of Houston area,13000,Other,1006,1144,1149,1372,402,1393,4671,1167.8,36.4,38.5,1.5,19.3,7738.5,8800,8838.5,10553.8,10715.4,8983.1
10H50,10,2.30843079,the University of Houston area,13000,Property,833,781,729,873,272,853,3216,804,4.8,2.4,-2.3,6.1,6407.7,6007.7,5607.7,6715.4,6561.5,6184.6
10H50,10,2.30843079,the University of Houston area,13000,Violent,753,691,609,582,175,544,2635,658.8,-22.7,-27.8,-6.5,-17.4,5792.3,5315.4,4684.6,4476.9,4184.6,5067.7
10H60,10,3.08931006,"University Oaks, Riverside Terrace and the Texas Southern University area",20000,Other,598,907,894,1008,321,997,3407,851.8,68.6,66.7,-1.1,17,2990,4535,4470,5040,4985,4259
10H60,10,3.08931006,"University Oaks, Riverside Terrace and the Texas Southern University area",20000,Property,772,763,900,1025,347,1110,3460,865,32.8,43.8,8.3,28.3,3860,3815,4500,5125,5550,4325
10H60,10,3.08931006,"University Oaks, Riverside Terrace and the Texas Southern University area",20000,Violent,544,520,496,528,160,509,2088,522,-2.9,-6.4,-3.6,-2.5,2720,2600,2480,2640,2545,2610
10H70,10,3.52217952,"Texas Medical Center, Hermann Park, Houston Zoo and Miller Outdoor Theatre",16000,Other,513,777,847,913,285,875,3050,762.5,78,70.6,-4.2,14.8,3206.2,4856.2,5293.8,5706.2,5468.8,4765.6
10H70,10,3.52217952,"Texas Medical Center, Hermann Park, Houston Zoo and Miller Outdoor Theatre",16000,Property,1285,1215,1089,1437,356,1307,5026,1256.5,11.8,1.7,-9,4,8031.2,7593.8,6806.2,8981.2,8168.8,7853.1
10H70,10,3.52217952,"Texas Medical Center, Hermann Park, Houston Zoo and Miller Outdoor Theatre",16000,Violent,421,435,458,432,131,420,1746,436.5,2.6,-0.2,-2.8,-3.8,2631.2,2718.8,2862.5,2700,2625,2728.1
10H80,10,2.73862779,"Southampton, Rice University area, Shadow Lawn and Broad Acres",19000,Other,307,382,331,331,105,324,1351,337.8,7.8,5.5,-2.1,-4.1,1615.8,2010.5,1742.1,1742.1,1705.3,1777.9
10H80,10,2.73862779,"Southampton, Rice University area, Shadow Lawn and Broad Acres",19000,Property,871,663,668,717,234,630,2919,729.8,-17.7,-27.7,-12.1,-13.7,4584.2,3489.5,3515.8,3773.7,3315.8,3841.1
10H80,10,2.73862779,"Southampton, Rice University area, Shadow Lawn and Broad Acres",19000,Violent,120,97,98,129,21,114,444,111,7.5,-5,-11.6,2.7,631.6,510.5,515.8,678.9,600,584.2
11H10,11,5.31502815,"Mason Park, Forest Hill, Sunnyland and Central Park",28000,Other,720,1137,1200,1327,472,1334,4384,1096,84.3,85.3,0.5,21.7,2571.4,4060.7,4285.7,4739.3,4764.3,3914.3
11H10,11,5.31502815,"Mason Park, Forest Hill, Sunnyland and Central Park",28000,Property,1087,1115,950,975,327,979,4127,1031.8,-10.3,-9.9,0.4,-5.1,3882.1,3982.1,3392.9,3482.1,3496.4,3685
11H10,11,5.31502815,"Mason Park, Forest Hill, Sunnyland and Central Park",28000,Violent,832,957,776,815,239,812,3380,845,-2,-2.4,-0.4,-3.9,2971.4,3417.9,2771.4,2910.7,2900,3017.9
11H20,11,3.9311161,"Harrisburg, Manchester and Pecan Park",18000,Other,349,570,726,623,195,598,2268,567,78.5,71.3,-4,5.5,1938.9,3166.7,4033.3,3461.1,3322.2,3150
11H20,11,3.9311161,"Harrisburg, Manchester and Pecan Park",18000,Property,387,450,465,428,140,429,1730,432.5,10.6,10.9,0.2,-0.8,2150,2500,2583.3,2377.8,2383.3,2402.8
11H20,11,3.9311161,"Harrisburg, Manchester and Pecan Park",18000,Violent,430,416,432,355,104,346,1633,408.2,-17.4,-19.5,-2.5,-15.2,2388.9,2311.1,2400,1972.2,1922.2,2267.8
11H30,11,2.84278059,Meadow Brook and Park Place,15000,Other,409,717,734,714,218,658,2574,643.5,74.6,60.9,-7.8,2.3,2726.7,4780,4893.3,4760,4386.7,4290
11H30,11,2.84278059,Meadow Brook and Park Place,15000,Property,644,747,558,530,221,595,2479,619.8,-17.7,-7.6,12.3,-4,4293.3,4980,3720,3533.3,3966.7,4132
11H30,11,2.84278059,Meadow Brook and Park Place,15000,Violent,404,481,409,448,119,416,1742,435.5,10.9,3,-7.1,-4.5,2693.3,3206.7,2726.7,2986.7,2773.3,2903.3
11H40,11,6.14001938,Allendale and Oak Meadows,8000,Other,112,258,211,213,58,200,794,198.5,90.2,78.6,-6.1,0.8,1400,3225,2637.5,2662.5,2500,2481.2
11H40,11,6.14001938,Allendale and Oak Meadows,8000,Property,178,202,168,154,37,137,702,175.5,-13.5,-23,-11,-21.9,2225,2525,2100,1925,1712.5,2193.8
11H40,11,6.14001938,Allendale and Oak Meadows,8000,Violent,107,142,119,117,25,110,485,121.2,9.3,2.8,-6,-9.2,1337.5,1775,1487.5,1462.5,1375,1515
11H50,11,2.09534157,"Meadow Creek, Ferndale Addition and Glenbrook Industrial",8000,Other,125,282,309,317,121,320,1033,258.2,153.6,156,0.9,23.9,1562.5,3525,3862.5,3962.5,4000,3227.5
11H50,11,2.09534157,"Meadow Creek, Ferndale Addition and Glenbrook Industrial",8000,Property,264,306,348,356,138,370,1274,318.5,34.8,40.2,3.9,16.2,3300,3825,4350,4450,4625,3981.2
11H50,11,2.09534157,"Meadow Creek, Ferndale Addition and Glenbrook Industrial",8000,Violent,147,189,195,165,77,170,696,174,12.2,15.6,3,-2.3,1837.5,2362.5,2437.5,2062.5,2125,2175
12D10,12,8.55384717,"Almeda Mall, Southridge, Edgebrook and South Houston Gardens",44000,Other,1205,2003,2249,2124,601,1964,7581,1895.2,76.3,63,-7.5,3.6,2738.6,4552.3,5111.4,4827.3,4463.6,4307.3
12D10,12,8.55384717,"Almeda Mall, Southridge, Edgebrook and South Houston Gardens",44000,Property,1898,2044,2007,2249,608,2087,8198,2049.5,18.5,10,-7.2,1.8,4313.6,4645.5,4561.4,5111.4,4743.2,4658
12D10,12,8.55384717,"Almeda Mall, Southridge, Edgebrook and South Houston Gardens",44000,Violent,1097,1337,1378,1243,297,1066,5055,1263.8,13.3,-2.8,-14.2,-15.7,2493.2,3038.6,3131.8,2825,2422.7,2872.3
12D20,12,3.83700574,Sage,22000,Other,435,746,769,638,169,570,2588,647,46.7,31,-10.7,-11.9,1977.3,3390.9,3495.5,2900,2590.9,2940.9
12D20,12,3.83700574,Sage,22000,Property,835,821,835,927,242,827,3418,854.5,11,-1,-10.8,-3.2,3795.5,3731.8,3795.5,4213.6,3759.1,3884.1
12D20,12,3.83700574,Sage,22000,Violent,359,427,375,362,99,337,1523,380.8,0.8,-6.1,-6.9,-11.5,1631.8,1940.9,1704.5,1645.5,1531.8,1730.9
12D30,12,3.99301158,Gulf Palms and Beamer,15000,Other,290,371,372,335,119,348,1368,342,15.5,20,3.9,1.8,1933.3,2473.3,2480,2233.3,2320,2280
12D30,12,3.99301158,Gulf Palms and Beamer,15000,Property,379,418,365,439,139,431,1601,400.2,15.8,13.7,-1.8,7.7,2526.7,2786.7,2433.3,2926.7,2873.3,2668
12D30,12,3.99301158,Gulf Palms and Beamer,15000,Violent,201,206,204,176,47,172,787,196.8,-12.4,-14.4,-2.3,-12.6,1340,1373.3,1360,1173.3,1146.7,1312
12D40,12,9.68663455,Scarsdale and Ellington Field,11000,Other,216,366,429,346,144,366,1357,339.2,60.2,69.4,5.8,7.9,1963.6,3327.3,3900,3145.5,3327.3,3083.6
12D40,12,9.68663455,Scarsdale and Ellington Field,11000,Property,322,359,335,373,105,339,1389,347.2,15.8,5.3,-9.1,-2.4,2927.3,3263.6,3045.5,3390.9,3081.8,3156.4
12D40,12,9.68663455,Scarsdale and Ellington Field,11000,Violent,252,272,244,223,49,195,991,247.8,-11.5,-22.6,-12.6,-21.3,2290.9,2472.7,2218.2,2027.3,1772.7,2252.7
12D50,12,8.93327581,"Bay Glen, Bay Oaks, Brook Forest and Bay Forest",26000,Other,202,247,242,243,71,238,934,233.5,20.3,17.8,-2.1,1.9,776.9,950,930.8,934.6,915.4,898.1
12D50,12,8.93327581,"Bay Glen, Bay Oaks, Brook Forest and Bay Forest",26000,Property,224,179,165,166,51,152,734,183.5,-25.9,-32.1,-8.4,-17.2,861.5,688.5,634.6,638.5,584.6,705.8
12D50,12,8.93327581,"Bay Glen, Bay Oaks, Brook Forest and Bay Forest",26000,Violent,96,80,94,101,23,93,371,92.8,5.2,-3.1,-7.9,0.2,369.2,307.7,361.5,388.5,357.7,356.9
12D60,12,6.35832041,"NASA's Johnson Space Center, Meadow Green, Oakbrook West and Camino South",22000,Other,282,455,465,388,131,398,1590,397.5,37.6,41.1,2.6,0.1,1281.8,2068.2,2113.6,1763.6,1809.1,1806.8
12D60,12,6.35832041,"NASA's Johnson Space Center, Meadow Green, Oakbrook West and Camino South",22000,Property,343,402,377,318,100,298,1440,360,-7.3,-13.1,-6.3,-17.2,1559.1,1827.3,1713.6,1445.5,1354.5,1636.4
12D60,12,6.35832041,"NASA's Johnson Space Center, Meadow Green, Oakbrook West and Camino South",22000,Violent,199,269,242,188,76,191,898,224.5,-5.5,-4,1.6,-14.9,904.5,1222.7,1100,854.5,868.2,1020.5
12D70,12,5.39156317,Baybrook Mall and Sterling Knoll,12000,Other,424,486,556,472,174,493,1938,484.5,11.3,16.3,4.4,1.8,3533.3,4050,4633.3,3933.3,4108.3,4037.5
12D70,12,5.39156317,Baybrook Mall and Sterling Knoll,12000,Property,1128,1084,1214,1184,370,1106,4610,1152.5,5,-2,-6.6,-4,9400,9033.3,10116.7,9866.7,9216.7,9604.2
12D70,12,5.39156317,Baybrook Mall and Sterling Knoll,12000,Violent,223,255,221,223,75,227,922,230.5,0,1.8,1.8,-1.5,1858.3,2125,1841.7,1858.3,1891.7,1920.8
13D10,13,5.2433708,"Gulfgate Mall, Bay Forest, Riverview, Hampshire, Golfcrest and Barnett Stadium",23000,Other,718,1067,938,938,326,921,3661,915.2,30.6,28.3,-1.8,0.6,3121.7,4639.1,4078.3,4078.3,4004.3,3979.1
13D10,13,5.2433708,"Gulfgate Mall, Bay Forest, Riverview, Hampshire, Golfcrest and Barnett Stadium",23000,Property,1031,1072,1008,1021,313,1025,4132,1033,-1,-0.6,0.4,-0.8,4482.6,4660.9,4382.6,4439.1,4456.5,4491.3
13D10,13,5.2433708,"Gulfgate Mall, Bay Forest, Riverview, Hampshire, Golfcrest and Barnett Stadium",23000,Violent,677,668,592,615,162,553,2552,638,-9.2,-18.3,-10.1,-13.3,2943.5,2904.3,2573.9,2673.9,2404.3,2773.9
13D20,13,6.66870859,"Fairlawn, Garden Villas, Glenbrook Valley and Santa Rosa",36000,Other,1316,1859,1788,1675,624,1683,6638,1659.5,27.3,27.9,0.5,1.4,3655.6,5163.9,4966.7,4652.8,4675,4609.7
13D20,13,6.66870859,"Fairlawn, Garden Villas, Glenbrook Valley and Santa Rosa",36000,Property,1538,1486,1447,1482,498,1510,5953,1488.2,-3.6,-1.8,1.9,1.5,4272.2,4127.8,4019.4,4116.7,4194.4,4133.9
13D20,13,6.66870859,"Fairlawn, Garden Villas, Glenbrook Valley and Santa Rosa",36000,Violent,1149,1148,918,1007,302,960,4222,1055.5,-12.4,-16.4,-4.7,-9,3191.7,3188.9,2550,2797.2,2666.7,2931.9
13D30,13,3.07402543,"Allen Farms, Airport Gardens and the Hobby Airport area",2000,Other,71,183,148,119,58,135,521,130.2,67.6,90.1,13.4,3.7,3550,9150,7400,5950,6750,6510
13D30,13,3.07402543,"Allen Farms, Airport Gardens and the Hobby Airport area",2000,Property,129,122,141,118,39,116,510,127.5,-8.5,-10.1,-1.7,-9,6450,6100,7050,5900,5800,6375
13D30,13,3.07402543,"Allen Farms, Airport Gardens and the Hobby Airport area",2000,Violent,46,37,35,37,14,36,155,38.8,-19.6,-21.7,-2.7,-7.2,2300,1850,1750,1850,1800,1940
13D40,13,5.0688163,"Val Verde East, Gulf Meadows and Houston Skyscraper Shadows",13000,Other,184,298,297,291,88,249,1070,267.5,58.2,35.3,-14.4,-6.9,1415.4,2292.3,2284.6,2238.5,1915.4,2057.7
13D40,13,5.0688163,"Val Verde East, Gulf Meadows and Houston Skyscraper Shadows",13000,Property,388,417,385,395,116,376,1585,396.2,1.8,-3.1,-4.8,-5.1,2984.6,3207.7,2961.5,3038.5,2892.3,3047.7
13D40,13,5.0688163,"Val Verde East, Gulf Meadows and Houston Skyscraper Shadows",13000,Violent,166,222,183,170,38,147,741,185.2,2.4,-11.4,-13.5,-20.6,1276.9,1707.7,1407.7,1307.7,1130.8,1424.6
14D10,14,3.66057918,McGregor Terrace and Riverside Terrace,17000,Other,1053,1359,1503,1321,502,1345,5236,1309,25.5,27.7,1.8,2.8,6194.1,7994.1,8841.2,7770.6,7911.8,7700
14D10,14,3.66057918,McGregor Terrace and Riverside Terrace,17000,Property,1081,854,742,808,302,863,3485,871.2,-25.3,-20.2,6.8,-0.9,6358.8,5023.5,4364.7,4752.9,5076.5,5124.7
14D10,14,3.66057918,McGregor Terrace and Riverside Terrace,17000,Violent,1038,1096,892,809,267,797,3835,958.8,-22.1,-23.2,-1.5,-16.9,6105.9,6447.1,5247.1,4758.8,4688.2,5640
14D20,14,7.25646368,"Sunnyside, Brook Haven and Bayou Estates",28000,Other,1699,2350,2607,2339,801,2293,8995,2248.8,37.7,35,-2,2,6067.9,8392.9,9310.7,8353.6,8189.3,8031.4
14D20,14,7.25646368,"Sunnyside, Brook Haven and Bayou Estates",28000,Property,1388,1194,974,1197,371,1171,4753,1188.2,-13.8,-15.6,-2.2,-1.4,4957.1,4264.3,3478.6,4275,4182.1,4243.6
14D20,14,7.25646368,"Sunnyside, Brook Haven and Bayou Estates",28000,Violent,1691,1763,1512,1476,473,1446,6442,1610.5,-12.7,-14.5,-2,-10.2,6039.3,6296.4,5400,5271.4,5164.3,5751.8
14D30,14,4.20537595,"Crestmont, Edgewood, Bellfort Park, Inwood Terrace and Southpark",21000,Other,777,1192,1201,1180,357,1106,4350,1087.5,51.9,42.3,-6.3,1.7,3700,5676.2,5719,5619,5266.7,5178.6
14D30,14,4.20537595,"Crestmont, Edgewood, Bellfort Park, Inwood Terrace and Southpark",21000,Property,601,584,487,547,182,566,2219,554.8,-9,-5.8,3.5,2,2861.9,2781,2319,2604.8,2695.2,2641.9
14D30,14,4.20537595,"Crestmont, Edgewood, Bellfort Park, Inwood Terrace and Southpark",21000,Violent,821,750,660,693,227,683,2924,731,-15.6,-16.8,-1.4,-6.6,3909.5,3571.4,3142.9,3300,3252.4,3481
14D40,14,6.61224595,"South Acres, Shamrock Manor, Hillwood and Cloverland",21000,Other,587,848,932,909,248,833,3276,819,54.9,41.9,-8.4,1.7,2795.2,4038.1,4438.1,4328.6,3966.7,3900
14D40,14,6.61224595,"South Acres, Shamrock Manor, Hillwood and Cloverland",21000,Property,574,560,496,558,180,563,2188,547,-2.8,-1.9,0.9,2.9,2733.3,2666.7,2361.9,2657.1,2681,2604.8
14D40,14,6.61224595,"South Acres, Shamrock Manor, Hillwood and Cloverland",21000,Violent,622,667,604,585,196,565,2478,619.5,-5.9,-9.2,-3.4,-8.8,2961.9,3176.2,2876.2,2785.7,2690.5,2950
14D50,14,8.69627992,"Golden Glade Estates, Langston and Almeda Genoa",9000,Other,189,301,339,364,102,325,1193,298.2,92.6,72,-10.7,9,2100,3344.4,3766.7,4044.4,3611.1,3313.3
14D50,14,8.69627992,"Golden Glade Estates, Langston and Almeda Genoa",9000,Property,328,274,272,311,89,291,1185,296.2,-5.2,-11.3,-6.4,-1.8,3644.4,3044.4,3022.2,3455.6,3233.3,3291.1
14D50,14,8.69627992,"Golden Glade Estates, Langston and Almeda Genoa",9000,Violent,196,247,245,227,72,206,915,228.8,15.8,5.1,-9.3,-10,2177.8,2744.4,2722.2,2522.2,2288.9,2542.2
15E10,15,4.34996776,"Meyerland Plaza, Robindell, Meyerland, Braeburn Terrace and Maplewood South",24000,Other,477,638,648,614,177,573,2377,594.2,28.7,20.1,-6.7,-3.6,1987.5,2658.3,2700,2558.3,2387.5,2475.8
15E10,15,4.34996776,"Meyerland Plaza, Robindell, Meyerland, Braeburn Terrace and Maplewood South",24000,Property,929,845,711,802,277,830,3287,821.8,-13.7,-10.7,3.5,1,3870.8,3520.8,2962.5,3341.7,3458.3,3424.2
15E10,15,4.34996776,"Meyerland Plaza, Robindell, Meyerland, Braeburn Terrace and Maplewood South",24000,Violent,328,359,424,311,107,296,1422,355.5,-5.2,-9.8,-4.8,-16.7,1366.7,1495.8,1766.7,1295.8,1233.3,1481.2
15E20,15,3.58384499,"Westbury, Park West and Willow Creek",18000,Other,369,465,511,498,137,458,1843,460.8,35,24.1,-8,-0.6,2050,2583.3,2838.9,2766.7,2544.4,2560
15E20,15,3.58384499,"Westbury, Park West and Willow Creek",18000,Property,488,560,498,473,153,475,2019,504.8,-3.1,-2.7,0.4,-5.9,2711.1,3111.1,2766.7,2627.8,2638.9,2804.4
15E20,15,3.58384499,"Westbury, Park West and Willow Creek",18000,Violent,265,323,244,228,65,218,1060,265,-14,-17.7,-4.4,-17.7,1472.2,1794.4,1355.6,1266.7,1211.1,1472.2
15E30,15,6.29133294,"Meyer Park, Post Oak Manor, Westwood, Willow Bend and Linkwood",34000,Other,617,895,851,787,269,801,3150,787.5,27.6,29.8,1.8,1.7,1814.7,2632.4,2502.9,2314.7,2355.9,2316.2
15E30,15,6.29133294,"Meyer Park, Post Oak Manor, Westwood, Willow Bend and Linkwood",34000,Property,1380,1245,1059,1144,384,1115,4828,1207,-17.1,-19.2,-2.5,-7.6,4058.8,3661.8,3114.7,3364.7,3279.4,3550
15E30,15,6.29133294,"Meyer Park, Post Oak Manor, Westwood, Willow Bend and Linkwood",34000,Violent,376,422,436,417,124,386,1651,412.8,10.9,2.7,-7.4,-6.5,1105.9,1241.2,1282.4,1226.5,1135.3,1214.1
15E40,15,10.0079174,"NRG Park, Astroworld, Lakes at 610 and Plaza del Oro",30000,Other,1042,1652,1748,1691,568,1636,6133,1533.2,62.3,57,-3.3,6.7,3473.3,5506.7,5826.7,5636.7,5453.3,5110.7
15E40,15,10.0079174,"NRG Park, Astroworld, Lakes at 610 and Plaza del Oro",30000,Property,2240,1983,2046,2721,853,2550,8990,2247.5,21.5,13.8,-6.3,13.5,7466.7,6610,6820,9070,8500,7491.7
15E40,15,10.0079174,"NRG Park, Astroworld, Lakes at 610 and Plaza del Oro",30000,Violent,943,882,1052,950,298,895,3827,956.8,0.7,-5.1,-5.8,-6.5,3143.3,2940,3506.7,3166.7,2983.3,3189.3
16E10,16,5.38940818,Canterbury Village and Monarch Estates,15000,Other,259,349,294,348,114,334,1250,312.5,34.4,29,-4,6.9,1726.7,2326.7,1960,2320,2226.7,2083.3
16E10,16,5.38940818,Canterbury Village and Monarch Estates,15000,Property,450,352,330,395,126,386,1527,381.8,-12.2,-14.2,-2.3,1.1,3000,2346.7,2200,2633.3,2573.3,2545.3
16E10,16,5.38940818,Canterbury Village and Monarch Estates,15000,Violent,220,226,202,216,69,228,864,216,-1.8,3.6,5.6,5.6,1466.7,1506.7,1346.7,1440,1520,1440
16E20,16,8.15202134,"Almeda Plaza, South Glen, Dumbarton Oaks and Briarwick",35000,Other,720,1102,1139,1057,318,975,4018,1004.5,46.8,35.4,-7.8,-2.9,2057.1,3148.6,3254.3,3020,2785.7,2870
16E20,16,8.15202134,"Almeda Plaza, South Glen, Dumbarton Oaks and Briarwick",35000,Property,826,687,775,829,291,826,3117,779.2,0.4,0,-0.4,6,2360,1962.9,2214.3,2368.6,2360,2226.3
16E20,16,8.15202134,"Almeda Plaza, South Glen, Dumbarton Oaks and Briarwick",35000,Violent,623,687,675,638,190,608,2623,655.8,2.4,-2.4,-4.7,-7.3,1780,1962.9,1928.6,1822.9,1737.1,1873.7
16E30,16,7.00932789,"Greenpark, Southwest Crossing and Windsor Village",22000,Other,546,856,831,821,251,787,3054,763.5,50.4,44.1,-4.1,3.1,2481.8,3890.9,3777.3,3731.8,3577.3,3470.5
16E30,16,7.00932789,"Greenpark, Southwest Crossing and Windsor Village",22000,Property,629,675,606,594,258,651,2504,626,-5.6,3.5,9.6,4,2859.1,3068.2,2754.5,2700,2959.1,2845.5
16E30,16,7.00932789,"Greenpark, Southwest Crossing and Windsor Village",22000,Violent,498,491,451,455,136,436,1895,473.8,-8.6,-12.4,-4.2,-8,2263.6,2231.8,2050,2068.2,1981.8,2153.6
16E40,16,7.49721482,"Chasewood, Willowpark, Briarwick, Ridgemont and Quail Run",35000,Other,713,906,902,793,281,785,3314,828.5,11.2,10.1,-1,-5.3,2037.1,2588.6,2577.1,2265.7,2242.9,2367.1
16E40,16,7.49721482,"Chasewood, Willowpark, Briarwick, Ridgemont and Quail Run",35000,Property,663,591,644,555,188,535,2453,613.2,-16.3,-19.3,-3.6,-12.8,1894.3,1688.6,1840,1585.7,1528.6,1752
16E40,16,7.49721482,"Chasewood, Willowpark, Briarwick, Ridgemont and Quail Run",35000,Violent,585,654,610,515,147,463,2364,591,-12,-20.9,-10.1,-21.7,1671.4,1868.6,1742.9,1471.4,1322.9,1688.6
17E10,17,3.3104034,"Southwest Memorial Hospital, Burnett Bayland Park and Westmoreland",51000,Other,1221,1869,1889,2034,662,2055,7013,1753.2,66.6,68.3,1,17.2,2394.1,3664.7,3703.9,3988.2,4029.4,3437.6
17E10,17,3.3104034,"Southwest Memorial Hospital, Burnett Bayland Park and Westmoreland",51000,Property,1929,1706,1787,1859,594,1847,7281,1820.2,-3.6,-4.3,-0.6,1.5,3782.4,3345.1,3503.9,3645.1,3621.6,3569
17E10,17,3.3104034,"Southwest Memorial Hospital, Burnett Bayland Park and Westmoreland",51000,Violent,1377,1498,1374,1279,390,1207,5528,1382,-7.1,-12.3,-5.6,-12.7,2700,2937.3,2694.1,2507.8,2366.7,2709.8
17E20,17,3.92767309,the Houston Baptist University area and Maplewood West,27000,Other,499,913,831,866,341,917,3109,777.2,73.5,83.8,5.9,18,1848.1,3381.5,3077.8,3207.4,3396.3,2878.5
17E20,17,3.92767309,the Houston Baptist University area and Maplewood West,27000,Property,784,762,677,735,229,731,2958,739.5,-6.2,-6.8,-0.5,-1.1,2903.7,2822.2,2507.4,2722.2,2707.4,2738.9
17E20,17,3.92767309,the Houston Baptist University area and Maplewood West,27000,Violent,582,608,591,534,152,488,2315,578.8,-8.2,-16.2,-8.6,-15.7,2155.6,2251.9,2188.9,1977.8,1807.4,2143.7
17E30,17,3.8060455,Braeburn Valley West and Glenshire,21000,Other,673,1066,989,973,339,987,3701,925.2,44.6,46.7,1.4,6.7,3204.8,5076.2,4709.5,4633.3,4700,4405.7
17E30,17,3.8060455,Braeburn Valley West and Glenshire,21000,Property,804,1058,861,861,243,761,3584,896,7.1,-5.3,-11.6,-15.1,3828.6,5038.1,4100,4100,3623.8,4266.7
17E30,17,3.8060455,Braeburn Valley West and Glenshire,21000,Violent,620,748,556,596,177,570,2520,630,-3.9,-8.1,-4.4,-9.5,2952.4,3561.9,2647.6,2838.1,2714.3,3000
17E40,17,4.70920035,"Creekbend, Southwood and Fondren Southwest",46000,Other,1397,2044,2003,2077,657,1982,7521,1880.2,48.7,41.9,-4.6,5.4,3037,4443.5,4354.3,4515.2,4308.7,4087.4
17E40,17,4.70920035,"Creekbend, Southwood and Fondren Southwest",46000,Property,1473,1462,1375,1271,438,1288,5581,1395.2,-13.7,-12.6,1.3,-7.7,3202.2,3178.3,2989.1,2763,2800,3033
17E40,17,4.70920035,"Creekbend, Southwood and Fondren Southwest",46000,Violent,1352,1381,1304,1206,381,1152,5243,1310.8,-10.8,-14.8,-4.5,-12.1,2939.1,3002.2,2834.8,2621.7,2504.3,2849.6
18F10,18,1.95881352,"Saddlebrook, Bayou Woods and Sherwood Forest",7000,Other,99,157,210,185,52,175,651,162.8,86.9,76.8,-5.4,7.5,1414.3,2242.9,3000,2642.9,2500,2325.7
18F10,18,1.95881352,"Saddlebrook, Bayou Woods and Sherwood Forest",7000,Property,249,265,273,313,116,318,1100,275,25.7,27.7,1.6,15.6,3557.1,3785.7,3900,4471.4,4542.9,3928.6
18F10,18,1.95881352,"Saddlebrook, Bayou Woods and Sherwood Forest",7000,Violent,80,72,73,80,22,69,305,76.2,0,-13.8,-13.8,-9.4,1142.9,1028.6,1042.9,1142.9,985.7,1088.6
18F20,18,3.51641691,"The Galleria, Tanglewood, Riverway and Post Oak",24000,Other,875,1126,1344,1377,416,1312,4722,1180.5,57.4,49.9,-4.7,11.1,3645.8,4691.7,5600,5737.5,5466.7,4918.8
18F20,18,3.51641691,"The Galleria, Tanglewood, Riverway and Post Oak",24000,Property,2284,2283,2508,2941,999,2955,10016,2504,28.8,29.4,0.5,18,9516.7,9512.5,10450,12254.2,12312.5,10433.3
18F20,18,3.51641691,"The Galleria, Tanglewood, Riverway and Post Oak",24000,Violent,411,424,476,475,146,447,1786,446.5,15.6,8.8,-5.9,0.1,1712.5,1766.7,1983.3,1979.2,1862.5,1860.4
18F30,18,3.80008564,"The Richmond Strip, Briargrove, Post Oak Estates and Westhaven",36000,Other,958,1429,1619,1558,507,1457,5564,1391,62.6,52.1,-6.5,4.7,2661.1,3969.4,4497.2,4327.8,4047.2,3863.9
18F30,18,3.80008564,"The Richmond Strip, Briargrove, Post Oak Estates and Westhaven",36000,Property,1812,1682,1952,2075,612,1969,7521,1880.2,14.5,8.7,-5.1,4.7,5033.3,4672.2,5422.2,5763.9,5469.4,5222.8
18F30,18,3.80008564,"The Richmond Strip, Briargrove, Post Oak Estates and Westhaven",36000,Violent,810,922,886,843,311,877,3461,865.2,4.1,8.3,4,1.4,2250,2561.1,2461.1,2341.7,2436.1,2403.3
18F40,18,2.9060249,"Rosewood General Hospital, Woodlake and Briarmeadow",35000,Other,1190,1658,1908,2022,561,1836,6778,1694.5,69.9,54.3,-9.2,8.4,3400,4737.1,5451.4,5777.1,5245.7,4841.4
18F40,18,2.9060249,"Rosewood General Hospital, Woodlake and Briarmeadow",35000,Property,1948,2121,2127,2212,660,2139,8408,2102,13.6,9.8,-3.3,1.8,5565.7,6060,6077.1,6320,6111.4,6005.7
18F40,18,2.9060249,"Rosewood General Hospital, Woodlake and Briarmeadow",35000,Violent,879,1003,976,972,290,896,3830,957.5,10.6,1.9,-7.8,-6.4,2511.4,2865.7,2788.6,2777.1,2560,2735.7
18F50,18,2.96939217,"Tanglewild, Sharpstown Mall and Regency Square",20000,Other,830,1303,1508,1531,489,1443,5172,1293,84.5,73.9,-5.7,11.6,4150,6515,7540,7655,7215,6465
18F50,18,2.96939217,"Tanglewild, Sharpstown Mall and Regency Square",20000,Property,1408,1429,1606,1714,540,1687,6157,1539.2,21.7,19.8,-1.6,9.6,7040,7145,8030,8570,8435,7696
18F50,18,2.96939217,"Tanglewild, Sharpstown Mall and Regency Square",20000,Violent,690,710,810,825,243,799,3035,758.8,19.6,15.8,-3.2,5.3,3450,3550,4050,4125,3995,3794
18F60,18,3.62528697,Sharpstown Country Club and Southway Center,28000,Other,602,912,914,839,272,817,3267,816.8,39.4,35.7,-2.6,0,2150,3257.1,3264.3,2996.4,2917.9,2917.1
18F60,18,3.62528697,Sharpstown Country Club and Southway Center,28000,Property,991,1007,1001,1018,294,956,4017,1004.2,2.7,-3.5,-6.1,-4.8,3539.3,3596.4,3575,3635.7,3414.3,3586.4
18F60,18,3.62528697,Sharpstown Country Club and Southway Center,28000,Violent,577,579,579,451,163,452,2186,546.5,-21.8,-21.7,0.2,-17.3,2060.7,2067.9,2067.9,1610.7,1614.3,1951.8
19G10,19,2.74020376,Concourse South and Westwood Mall,31000,Other,1435,2191,2109,1975,728,2007,7710,1927.5,37.6,39.9,1.6,4.1,4629,7067.7,6803.2,6371,6474.2,6217.7
19G10,19,2.74020376,Concourse South and Westwood Mall,31000,Property,1576,1807,1756,1811,690,1911,6950,1737.5,14.9,21.3,5.5,10,5083.9,5829,5664.5,5841.9,6164.5,5604.8
19G10,19,2.74020376,Concourse South and Westwood Mall,31000,Violent,1231,1296,1237,1198,363,1126,4962,1240.5,-2.7,-8.5,-6,-9.2,3971,4180.6,3990.3,3864.5,3632.3,4001.6
19G20,19,3.29219023,"Catalina Square, Bellaire West, Imperial Point",25000,Other,632,791,887,841,295,848,3151,787.8,33.1,34.2,0.8,7.6,2528,3164,3548,3364,3392,3151.2
19G20,19,3.29219023,"Catalina Square, Bellaire West, Imperial Point",25000,Property,843,821,682,726,243,727,3072,768,-13.9,-13.8,0.1,-5.3,3372,3284,2728,2904,2908,3072
19G20,19,3.29219023,"Catalina Square, Bellaire West, Imperial Point",25000,Violent,456,442,478,326,108,342,1702,425.5,-28.5,-25,4.9,-19.6,1824,1768,1912,1304,1368,1702
19G30,19,2.49064202,"Rodeo Square, Wildflower Green, Braewood Glen",18000,Other,383,512,501,512,183,535,1908,477,33.7,39.7,4.5,12.2,2127.8,2844.4,2783.3,2844.4,2972.2,2650
19G30,19,2.49064202,"Rodeo Square, Wildflower Green, Braewood Glen",18000,Property,492,512,424,322,80,288,1750,437.5,-34.6,-41.5,-10.6,-34.2,2733.3,2844.4,2355.6,1788.9,1600,2430.6
19G30,19,2.49064202,"Rodeo Square, Wildflower Green, Braewood Glen",18000,Violent,308,282,308,256,75,238,1154,288.5,-16.9,-22.7,-7,-17.5,1711.1,1566.7,1711.1,1422.2,1322.2,1602.8
19G40,19,4.56425364,"Huntington Village, Wellington Park, Leawood, Keegans Glen",37000,Other,822,1157,1155,1146,417,1184,4280,1070,39.4,44,3.3,10.7,2221.6,3127,3121.6,3097.3,3200,2891.9
19G40,19,4.56425364,"Huntington Village, Wellington Park, Leawood, Keegans Glen",37000,Property,1017,1010,859,878,256,817,3764,941,-13.7,-19.7,-6.9,-13.2,2748.6,2729.7,2321.6,2373,2208.1,2543.2
19G40,19,4.56425364,"Huntington Village, Wellington Park, Leawood, Keegans Glen",37000,Violent,795,783,775,681,209,644,3034,758.5,-14.3,-19,-5.4,-15.1,2148.6,2116.2,2094.6,1840.5,1740.5,2050
19G50,19,2.30578624,"Forum Park, Stancliff and Southwest Park",18000,Other,837,1239,1089,1054,400,1091,4219,1054.8,25.9,30.3,3.5,3.4,4650,6883.3,6050,5855.6,6061.1,5860
19G50,19,2.30578624,"Forum Park, Stancliff and Southwest Park",18000,Property,673,905,834,685,245,663,3097,774.2,1.8,-1.5,-3.2,-14.4,3738.9,5027.8,4633.3,3805.6,3683.3,4301.1
19G50,19,2.30578624,"Forum Park, Stancliff and Southwest Park",18000,Violent,695,649,644,548,152,518,2536,634,-21.2,-25.5,-5.5,-18.3,3861.1,3605.6,3577.8,3044.4,2877.8,3522.2
20G10,20,3.06600809,"Westchase, Woodchase Village and Point West",29000,Other,749,1234,1350,1319,392,1195,4652,1163,76.1,59.5,-9.4,2.8,2582.8,4255.2,4655.2,4548.3,4120.7,4010.3
20G10,20,3.06600809,"Westchase, Woodchase Village and Point West",29000,Property,1354,1406,1427,1478,408,1390,5665,1416.2,9.2,2.7,-6,-1.9,4669,4848.3,4920.7,5096.6,4793.1,4883.4
20G10,20,3.06600809,"Westchase, Woodchase Village and Point West",29000,Violent,820,948,867,813,231,729,3448,862,-0.9,-11.1,-10.3,-15.4,2827.6,3269,2989.7,2803.4,2513.8,2972.4
20G20,20,3.27621655,"Lakeside Estates, City West Place, Rivercrest and Briargrove Park",18000,Other,370,560,545,573,186,534,2048,512,54.9,44.3,-6.8,4.3,2055.6,3111.1,3027.8,3183.3,2966.7,2844.4
20G20,20,3.27621655,"Lakeside Estates, City West Place, Rivercrest and Briargrove Park",18000,Property,575,594,510,490,145,443,2169,542.2,-14.8,-23,-9.6,-18.3,3194.4,3300,2833.3,2722.2,2461.1,3012.2
20G20,20,3.27621655,"Lakeside Estates, City West Place, Rivercrest and Briargrove Park",18000,Violent,274,305,260,267,92,282,1106,276.5,-2.6,2.9,5.6,2,1522.2,1694.4,1444.4,1483.3,1566.7,1536.1
20G30,20,3.97953501,"West Houston Medical Center, Andrau Airport, Westchase and Westchase Mall",26000,Other,1072,1462,1601,1650,422,1432,5785,1446.2,53.9,33.6,-13.2,-1,4123.1,5623.1,6157.7,6346.2,5507.7,5562.3
20G30,20,3.97953501,"West Houston Medical Center, Andrau Airport, Westchase and Westchase Mall",26000,Property,1685,1518,1497,1430,390,1302,6130,1532.5,-15.1,-22.7,-9,-15,6480.8,5838.5,5757.7,5500,5007.7,5894.2
20G30,20,3.97953501,"West Houston Medical Center, Andrau Airport, Westchase and Westchase Mall",26000,Violent,781,850,792,752,184,635,3175,793.8,-3.7,-18.7,-15.6,-20,3003.8,3269.2,3046.2,2892.3,2442.3,3053.1
20G40,20,4.16594899,"Lakeview Forest, Lakeside Place, Ashford Village and Southlake",28000,Other,706,963,1085,1114,306,1057,3868,967,57.8,49.7,-5.1,9.3,2521.4,3439.3,3875,3978.6,3775,3453.6
20G40,20,4.16594899,"Lakeview Forest, Lakeside Place, Ashford Village and Southlake",28000,Property,1093,1057,925,974,342,999,4049,1012.2,-10.9,-8.6,2.6,-1.3,3903.6,3775,3303.6,3478.6,3567.9,3615
20G40,20,4.16594899,"Lakeview Forest, Lakeside Place, Ashford Village and Southlake",28000,Violent,573,523,594,641,152,574,2331,582.8,11.9,0.2,-10.5,-1.5,2046.4,1867.9,2121.4,2289.3,2050,2081.4
20G70,20,2.38283582,Westpark Village and Ashford Point,21000,Other,553,770,809,713,260,707,2845,711.2,28.9,27.8,-0.8,-0.6,2633.3,3666.7,3852.4,3395.2,3366.7,3386.7
20G70,20,2.38283582,Westpark Village and Ashford Point,21000,Property,583,644,666,605,191,581,2498,624.5,3.8,-0.3,-4,-7,2776.2,3066.7,3171.4,2881,2766.7,2973.8
20G70,20,2.38283582,Westpark Village and Ashford Point,21000,Violent,428,481,462,469,161,454,1840,460,9.6,6.1,-3.2,-1.3,2038.1,2290.5,2200,2233.3,2161.9,2190.5
20G80,20,25.33626534,City Limits,37000,Other,679,1003,1123,975,317,924,3780,945,43.6,36.1,-5.2,-2.2,1835.1,2710.8,3035.1,2635.1,2497.3,2554.1
20G80,20,25.33626534,City Limits,37000,Property,1319,1283,1332,1328,402,1228,5262,1315.5,0.7,-6.9,-7.5,-6.7,3564.9,3467.6,3600,3589.2,3318.9,3555.4
20G80,20,25.33626534,City Limits,37000,Violent,474,547,571,565,180,550,2157,539.2,19.2,16,-2.7,2,1281.1,1478.4,1543.2,1527,1486.5,1457.3
21I10,21,0.00549966,Intercontinental Airport,0,Other,88,116,215,280,69,254,699,174.8,218.2,188.6,-9.3,45.3,NA,NA,NA,NA,NA,NA
21I10,21,0.00549966,Intercontinental Airport,0,Property,258,141,185,247,80,253,831,207.8,-4.3,-1.9,2.4,21.8,NA,NA,NA,NA,NA,NA
21I10,21,0.00549966,Intercontinental Airport,0,Violent,17,9,29,32,14,40,87,21.8,88.2,135.3,25,83.5,NA,NA,NA,NA,NA,NA
21I20,21,0.01205019,Intercontinental Airport,0,Other,1,0,5,9,0,8,15,3.8,800,700,-11.1,110.5,NA,NA,NA,NA,NA,NA
21I20,21,0.01205019,Intercontinental Airport,0,Property,3,0,9,3,0,2,15,3.8,0,-33.3,-33.3,-47.4,NA,NA,NA,NA,NA,NA
21I20,21,0.01205019,Intercontinental Airport,0,Violent,0,0,0,1,0,0,1,0.2,NA,NA,-100,-100,NA,NA,NA,NA,NA,NA
21I30,21,0.01180375,Intercontinental Airport,0,Other,0,0,0,1,0,1,1,0.2,NA,NA,0,400,NA,NA,NA,NA,NA,NA
21I30,21,0.01180375,Intercontinental Airport,0,Property,7,2,2,0,0,0,11,2.8,-100,-100,NA,-100,NA,NA,NA,NA,NA,NA
21I30,21,0.01180375,Intercontinental Airport,0,Violent,0,0,0,0,0,0,0,0,NA,NA,NA,NA,NA,NA,NA,NA,NA,NA
21I40,21,0.00923163,Intercontinental Airport,0,Other,4,4,27,38,15,40,73,18.2,850,900,5.3,119.8,NA,NA,NA,NA,NA,NA
21I40,21,0.00923163,Intercontinental Airport,0,Property,15,6,2,4,4,6,27,6.8,-73.3,-60,50,-11.8,NA,NA,NA,NA,NA,NA
21I40,21,0.00923163,Intercontinental Airport,0,Violent,3,2,2,8,2,7,15,3.8,166.7,133.3,-12.5,84.2,NA,NA,NA,NA,NA,NA
21I50,21,14.61100076,Intercontinental Airport,0,Other,262,318,589,623,184,581,1792,448,137.8,121.8,-6.7,29.7,NA,NA,NA,NA,NA,NA
21I50,21,14.61100076,Intercontinental Airport,0,Property,515,325,446,555,149,563,1841,460.2,7.8,9.3,1.4,22.3,NA,NA,NA,NA,NA,NA
21I50,21,14.61100076,Intercontinental Airport,0,Violent,68,49,62,84,17,79,263,65.8,23.5,16.2,-6,20.1,NA,NA,NA,NA,NA,NA
21I70,21,0.01945113,Intercontinental Airport,0,Other,1,3,2,3,1,3,9,2.2,200,200,0,36.4,NA,NA,NA,NA,NA,NA
21I70,21,0.01945113,Intercontinental Airport,0,Property,5,1,2,1,2,2,9,2.2,-80,-60,100,-9.1,NA,NA,NA,NA,NA,NA
21I70,21,0.01945113,Intercontinental Airport,0,Violent,0,0,0,0,1,1,0,0,NA,NA,NA,NA,NA,NA,NA,NA,NA,NA
22B10,22,3.28874287,"Willowbrook, Willow Chase Park and Centerfield",8000,Other,512,578,745,720,187,661,2555,638.8,40.6,29.1,-8.2,3.5,6400,7225,9312.5,9000,8262.5,7985
22B10,22,3.28874287,"Willowbrook, Willow Chase Park and Centerfield",8000,Property,1637,1417,1665,1885,542,1817,6604,1651,15.1,11,-3.6,10.1,20462.5,17712.5,20812.5,23562.5,22712.5,20637.5
22B10,22,3.28874287,"Willowbrook, Willow Chase Park and Centerfield",8000,Violent,375,401,375,376,93,346,1527,381.8,0.3,-7.7,-8,-9.4,4687.5,5012.5,4687.5,4700,4325,4772.5
5F20,5,5.94082911,Spring Branch and Schwartz Park,42000,Other,749,1093,1081,1096,549,1273,4019,1004.8,46.3,70,16.1,26.7,1783.3,2602.4,2573.8,2609.5,3031,2392.4
5F20,5,5.94082911,Spring Branch and Schwartz Park,42000,Property,1086,1129,1062,997,396,1013,4274,1068.5,-8.2,-6.7,1.6,-5.2,2585.7,2688.1,2528.6,2373.8,2411.9,2544
5F20,5,5.94082911,Spring Branch and Schwartz Park,42000,Violent,795,874,871,733,245,754,3273,818.2,-7.8,-5.2,2.9,-7.8,1892.9,2081,2073.8,1745.2,1795.2,1948.1
4F10,4,4.13606469,"Timber Oaks, Shadow Oaks and Long Point Acres",23000,Other,477,696,735,793,306,808,2701,675.2,66.2,69.4,1.9,19.7,2073.9,3026.1,3195.7,3447.8,3513,2935.7
4F10,4,4.13606469,"Timber Oaks, Shadow Oaks and Long Point Acres",23000,Property,1014,1121,1044,1088,402,1099,4267,1066.8,7.3,8.4,1,3,4408.7,4873.9,4539.1,4730.4,4778.3,4638.3
4F10,4,4.13606469,"Timber Oaks, Shadow Oaks and Long Point Acres",23000,Violent,423,406,397,435,176,489,1661,415.2,2.8,15.6,12.4,17.8,1839.1,1765.2,1726.1,1891.3,2126.1,1805.2
20G50,20,5.88593521,"Nottingham, Yorkshire, Wilchester, Town and Country Village and Memorial City Shopping Center",30000,Other,453,578,620,690,192,644,2341,585.2,52.3,42.2,-6.7,10,1510,1926.7,2066.7,2300,2146.7,1950.7
20G50,20,5.88593521,"Nottingham, Yorkshire, Wilchester, Town and Country Village and Memorial City Shopping Center",30000,Property,1669,1375,1341,1567,459,1455,5952,1488,-6.1,-12.8,-7.1,-2.2,5563.3,4583.3,4470,5223.3,4850,4960
20G50,20,5.88593521,"Nottingham, Yorkshire, Wilchester, Town and Country Village and Memorial City Shopping Center",30000,Violent,214,207,235,205,62,204,861,215.2,-4.2,-4.7,-0.5,-5.2,713.3,690,783.3,683.3,680,717.3
4F20,4,5.85840284,"Claymore Park, Westbranch, Spring Shadows and Kempwood Forest",28000,Other,499,621,629,737,368,860,2486,621.5,47.7,72.3,16.7,38.4,1782.1,2217.9,2246.4,2632.1,3071.4,2219.6
4F20,4,5.85840284,"Claymore Park, Westbranch, Spring Shadows and Kempwood Forest",28000,Property,807,739,790,870,292,843,3206,801.5,7.8,4.5,-3.1,5.2,2882.1,2639.3,2821.4,3107.1,3010.7,2862.5
4F20,4,5.85840284,"Claymore Park, Westbranch, Spring Shadows and Kempwood Forest",28000,Violent,390,365,372,373,150,384,1500,375,-4.4,-1.5,2.9,2.4,1392.9,1303.6,1328.6,1332.1,1371.4,1339.3
20G60,20,4.54207617,"Barkers Landing, Fleetwood, Thornwood and Darrel Tully Stadium",23000,Other,503,679,744,598,188,557,2524,631,18.9,10.7,-6.9,-11.7,2187,2952.2,3234.8,2600,2421.7,2743.5
20G60,20,4.54207617,"Barkers Landing, Fleetwood, Thornwood and Darrel Tully Stadium",23000,Property,926,937,940,884,257,824,3687,921.8,-4.5,-11,-6.8,-10.6,4026.1,4073.9,4087,3843.5,3582.6,4007.8
20G60,20,4.54207617,"Barkers Landing, Fleetwood, Thornwood and Darrel Tully Stadium",23000,Violent,254,325,314,266,85,255,1159,289.8,4.7,0.4,-4.1,-12,1104.3,1413,1365.2,1156.5,1108.7,1260
4F30,4,26.30690179,"Addicks Reservoir Area, Claymore Park, Brittmore Village, Park Ten Place and Mayde Creek Farms",18000,Other,469,716,710,650,233,657,2545,636.2,38.6,40.1,1.1,3.3,2605.6,3977.8,3944.4,3611.1,3650,3534.4
4F30,4,26.30690179,"Addicks Reservoir Area, Claymore Park, Brittmore Village, Park Ten Place and Mayde Creek Farms",18000,Property,935,975,1049,998,415,1046,3957,989.2,6.7,11.9,4.8,5.7,5194.4,5416.7,5827.8,5544.4,5811.1,5495.6
4F30,4,26.30690179,"Addicks Reservoir Area, Claymore Park, Brittmore Village, Park Ten Place and Mayde Creek Farms",18000,Violent,274,307,316,276,103,297,1173,293.2,0.7,8.4,7.6,1.3,1522.2,1705.6,1755.6,1533.3,1650,1628.9
24C10,24,5.44044978,Kingwood,13000,Other,159,206,233,267,58,233,865,216.2,67.9,46.5,-12.7,7.8,1223.1,1584.6,1792.3,2053.8,1792.3,1663.1
24C10,24,5.44044978,Kingwood,13000,Property,274,242,218,238,48,193,972,243,-13.1,-29.6,-18.9,-20.6,2107.7,1861.5,1676.9,1830.8,1484.6,1869.2
24C10,24,5.44044978,Kingwood,13000,Violent,105,141,106,94,25,83,446,111.5,-10.5,-21,-11.7,-25.6,807.7,1084.6,815.4,723.1,638.5,857.7
24C20,24,6.8291794,Kingwood,18000,Other,175,232,273,308,73,271,988,247,76,54.9,-12,9.7,972.2,1288.9,1516.7,1711.1,1505.6,1372.2
24C20,24,6.8291794,Kingwood,18000,Property,207,207,185,187,44,161,786,196.5,-9.7,-22.2,-13.9,-18.1,1150,1150,1027.8,1038.9,894.4,1091.7
24C20,24,6.8291794,Kingwood,18000,Violent,79,96,113,111,16,87,399,99.8,40.5,10.1,-21.6,-12.8,438.9,533.3,627.8,616.7,483.3,554.4
24C30,24,9.78735527,Kingwood,29000,Other,197,281,304,321,107,312,1103,275.8,62.9,58.4,-2.8,13.1,679.3,969,1048.3,1106.9,1075.9,951
24C30,24,9.78735527,Kingwood,29000,Property,263,232,213,243,75,221,951,237.8,-7.6,-16,-9.1,-7.1,906.9,800,734.5,837.9,762.1,820
24C30,24,9.78735527,Kingwood,29000,Violent,101,88,97,95,40,111,381,95.2,-5.9,9.9,16.8,16.6,348.3,303.4,334.5,327.6,382.8,328.3
24C40,24,35.7992771,Kingwood,6000,Other,90,139,124,133,47,135,486,121.5,47.8,50,1.5,11.1,1500,2316.7,2066.7,2216.7,2250,2025
24C40,24,35.7992771,Kingwood,6000,Property,108,122,104,118,29,115,452,113,9.3,6.5,-2.5,1.8,1800,2033.3,1733.3,1966.7,1916.7,1883.3
24C40,24,35.7992771,Kingwood,6000,Violent,59,64,78,61,13,50,262,65.5,3.4,-15.3,-18,-23.7,983.3,1066.7,1300,1016.7,833.3,1091.7
24C50,24,7.51791807,Kingwood,5000,Other,108,184,213,213,70,202,718,179.5,97.2,87,-5.2,12.5,2160,3680,4260,4260,4040,3590
24C50,24,7.51791807,Kingwood,5000,Property,352,528,552,548,134,486,1980,495,55.7,38.1,-11.3,-1.8,7040,10560,11040,10960,9720,9900
24C50,24,7.51791807,Kingwood,5000,Violent,79,90,84,103,34,99,356,89,30.4,25.3,-3.9,11.2,1580,1800,1680,2060,1980,1780
24C60,24,4.86823328,Kingwood,21000,Other,72,88,95,48,23,49,303,75.8,-33.3,-31.9,2.1,-35.4,342.9,419,452.4,228.6,233.3,361
24C60,24,4.86823328,Kingwood,21000,Property,107,92,83,60,22,53,342,85.5,-43.9,-50.5,-11.7,-38,509.5,438.1,395.2,285.7,252.4,407.1
24C60,24,4.86823328,Kingwood,21000,Violent,57,40,55,23,5,19,175,43.8,-59.6,-66.7,-17.4,-56.6,271.4,190.5,261.9,109.5,90.5,208.6
21I60,21,0.01236886,Intercontinental Airport,0,Other,24,28,42,33,11,29,127,31.8,37.5,20.8,-12.1,-8.8,NA,NA,NA,NA,NA,NA
21I60,21,0.01236886,Intercontinental Airport,0,Property,40,22,16,15,2,13,93,23.2,-62.5,-67.5,-13.3,-44,NA,NA,NA,NA,NA,NA
21I60,21,0.01236886,Intercontinental Airport,0,Violent,6,1,4,8,1,2,19,4.8,33.3,-66.7,-75,-58.3,NA,NA,NA,NA,NA,NA
FTB4,NA,NA,NA,NA,Other,0,1,0,0,0,0,1,0.2,NA,NA,NA,-100,NA,NA,NA,NA,NA,NA
FTB4,NA,NA,NA,NA,Property,0,0,0,0,0,0,0,0,NA,NA,NA,NA,NA,NA,NA,NA,NA,NA
FTB4,NA,NA,NA,NA,Violent,0,0,0,0,0,0,0,0,NA,NA,NA,NA,NA,NA,NA,NA,NA,NA
HCC1,NA,NA,NA,NA,Other,1,0,0,1,0,1,2,0.5,0,0,0,100,NA,NA,NA,NA,NA,NA
HCC1,NA,NA,NA,NA,Property,0,0,0,1,0,1,1,0.2,NA,NA,0,400,NA,NA,NA,NA,NA,NA
HCC1,NA,NA,NA,NA,Violent,0,1,0,3,0,3,4,1,NA,NA,0,200,NA,NA,NA,NA,NA,NA
HCC4,NA,NA,NA,NA,Other,2,3,0,2,0,2,7,1.8,0,0,0,11.1,NA,NA,NA,NA,NA,NA
HCC4,NA,NA,NA,NA,Property,0,0,0,0,0,0,0,0,NA,NA,NA,NA,NA,NA,NA,NA,NA,NA
HCC4,NA,NA,NA,NA,Violent,0,0,0,0,1,1,0,0,NA,NA,NA,NA,NA,NA,NA,NA,NA,NA
HCC5,NA,NA,NA,NA,Other,2,8,3,4,4,6,17,4.2,100,200,50,42.9,NA,NA,NA,NA,NA,NA
HCC5,NA,NA,NA,NA,Property,3,1,2,0,1,1,6,1.5,-100,-66.7,NA,-33.3,NA,NA,NA,NA,NA,NA
HCC5,NA,NA,NA,NA,Violent,1,0,0,0,0,0,1,0.2,-100,-100,NA,-100,NA,NA,NA,NA,NA,NA
HCC7,NA,NA,NA,NA,Other,4,13,2,0,1,1,19,4.8,-100,-75,NA,-79.2,NA,NA,NA,NA,NA,NA
HCC7,NA,NA,NA,NA,Property,5,14,1,0,0,0,20,5,-100,-100,NA,-100,NA,NA,NA,NA,NA,NA
HCC7,NA,NA,NA,NA,Violent,1,10,0,0,0,0,11,2.8,-100,-100,NA,-100,NA,NA,NA,NA,NA,NA
HCSO,NA,NA,NA,NA,Other,360,642,104,162,130,274,1268,317,-55,-23.9,69.1,-13.6,NA,NA,NA,NA,NA,NA
HCSO,NA,NA,NA,NA,Property,179,174,23,64,58,119,440,110,-64.2,-33.5,85.9,8.2,NA,NA,NA,NA,NA,NA
HCSO,NA,NA,NA,NA,Violent,162,156,18,54,27,74,390,97.5,-66.7,-54.3,37,-24.1,NA,NA,NA,NA,NA,NA
OOJ,NA,NA,NA,NA,Other,233,461,68,148,111,236,910,227.5,-36.5,1.3,59.5,3.7,NA,NA,NA,NA,NA,NA
OOJ,NA,NA,NA,NA,Property,240,214,38,91,65,145,583,145.8,-62.1,-39.6,59.3,-0.5,NA,NA,NA,NA,NA,NA
OOJ,NA,NA,NA,NA,Violent,216,169,24,69,36,98,478,119.5,-68.1,-54.6,42,-18,NA,NA,NA,NA,NA,NA
UH-2PD,NA,NA,NA,NA,Other,0,3,1,0,1,1,4,1,NA,NA,NA,0,NA,NA,NA,NA,NA,NA
UH-2PD,NA,NA,NA,NA,Property,0,0,0,0,0,0,0,0,NA,NA,NA,NA,NA,NA,NA,NA,NA,NA
UH-2PD,NA,NA,NA,NA,Violent,0,0,0,0,0,0,0,0,NA,NA,NA,NA,NA,NA,NA,NA,NA,NA
UH-3PD,NA,NA,NA,NA,Other,0,0,0,0,0,0,0,0,NA,NA,NA,NA,NA,NA,NA,NA,NA,NA
UH-3PD,NA,NA,NA,NA,Property,0,0,0,0,0,0,0,0,NA,NA,NA,NA,NA,NA,NA,NA,NA,NA
UH-3PD,NA,NA,NA,NA,Violent,0,1,1,1,0,1,3,0.8,NA,NA,0,25,NA,NA,NA,NA,NA,NA
Unknown,NA,NA,NA,NA,Other,65,168,139,125,36,103,497,124.2,92.3,58.5,-17.6,-17.1,NA,NA,NA,NA,NA,NA
Unknown,NA,NA,NA,NA,Property,43,29,10,31,24,48,113,28.2,-27.9,11.6,54.8,70.2,NA,NA,NA,NA,NA,NA
Unknown,NA,NA,NA,NA,Violent,14,10,5,8,7,12,37,9.2,-42.9,-14.3,50,30.4,NA,NA,NA,NA,NA,NA
